HofD,OutTemp,OutHum,InTemp,InHum,KcalPerHour
10,12.3721042027226,60.0047312237056,16.8,48.2,18480
11,12.6201024172702,55.2159522662909,18.25,49,18480
12,13.3639390415033,52.7763907051863,20.6,44.4,18480
13,15.5207852560671,48.1527944967578,20.5878496503497,44.3696678321678,0
14,18.9010598779435,50.5464519521326,20.5756993006993,44.3393356643357,0
15,18.6931047251537,49.807100438174,20.563548951049,44.3090034965035,0
16,18.2033114744261,49,20.5513986013986,44.2786713286713,0
17,17.5580932070454,50,20.4,44.2483391608392,0
18,16.1875490058485,49.7027600038695,20,44.218006993007,0
19,15.9654848112453,50.9959783562863,19.8,44.1876748251748,0
20,14.2334755454561,52.9620927234238,19.7,44.1573426573427,0
21,13.6229760916267,55.8784326636788,19.6,44.1270104895105,0
22,12.2267280940265,58.1455364245246,19.2,44.0966783216783,0
23,9.00793765061804,60.0401562176579,19,44.0663461538462,0
24,8.51638029881386,63.0391066771144,17.1,44.036013986014,0
1,8.25544893201738,63.071948026743,16.9,44.0056818181818,0
2,7.91998492136688,64.1669080154565,16.5,43.9753496503497,0
3,8.28175454322038,65.3421349876167,16.4,43.9450174825175,0
4,8.88068314367521,65.7281632129754,16.3,43.9146853146853,0
5,9.45818425081437,66.6477822292047,16.2,43.8843531468531,0
6,10.1306628410113,68.1341775051507,16.2,43.854020979021,0
7,10.6499276137605,68.0270807529376,16.1,43.8236888111888,0
8,11.9714375553582,67.6305980052205,19.5,43.7933566433567,18480
9,12.8657943482629,66.8856130488375,20.3448426573427,43.7630244755245,18480
10,13.104969738525,66.9182149337658,20.3326923076923,43.7326923076923,9240
11,13.5337060788747,66.1062887225472,20.320541958042,43.7023601398601,9240
12,14.4101482932521,60.0047312237056,20.3083916083916,43.672027972028,9240
13,16.440399092269,55.2159522662909,20.2962412587413,43.6416958041958,0
14,20.2219378111395,52.7763907051863,20.2840909090909,43.6113636363636,0
15,20.0043407818046,48.1527944967578,20.2719405594406,43.5810314685315,0
16,19.4727768396423,49,20.2597902097902,43.5506993006993,0
17,18.7302010740229,50,20.2476398601399,43.5203671328671,0
18,17.254424359532,49.7027600038695,20.2354895104895,43.490034965035,0
19,17.0428984132301,50.9959783562863,20.2233391608392,43.4597027972028,0
20,15.3923628918985,52.9620927234238,20.2111888111888,43.4293706293706,0
21,14.6165943172588,55.8784326636788,20,43.3990384615385,0
22,13.1042162307904,58.1455364245246,20,43.3687062937063,0
23,9.88833636752642,60.0401562176579,19.7,43.3383741258741,0
24,7.77632882321942,63.0391066771144,19.5,43.308041958042,0
1,7.68877427868365,63.071948026743,19.6,43.2777097902098,0
2,7.37075672297114,64.1669080154565,19.4,43.2473776223776,0
3,7.75111885398059,65.3421349876167,19.3,43.2170454545455,0
4,8.1101992900441,65.7281632129754,19.2,43.1867132867133,0
5,8.9896289888764,66.6477822292047,19.2,43.1563811188811,0
6,9.56810807679415,68.1341775051507,19,43.126048951049,0
7,9.91714076117938,68.0270807529376,18.8,43.0957167832168,0
8,11.2915964614998,67.6305980052205,20.0653846153846,43.0653846153846,18480
9,11.8895753607813,66.8856130488375,20.0532342657343,43.0350524475525,18480
10,12.3346629955193,66.9182149337658,20.0410839160839,43.0047202797203,9240
11,12.5486742102809,66.1062887225472,20.0289335664336,42.9743881118881,9240
12,13.2802654198618,60.0047312237056,20.0167832167832,42.9440559440559,9240
13,15.3106871055758,55.2159522662909,20.0046328671329,42.9137237762238,0
14,18.9875680196749,52.7763907051863,19.9924825174825,42.8833916083916,0
15,18.806164073435,48.1527944967578,19.9803321678322,42.8530594405594,0
16,18.1133235494641,47,19.9681818181818,42.8227272727273,0
17,17.6113324766756,48,19.9560314685315,42.7923951048951,0
18,16.1704801479148,50.5464519521326,19.7438811188811,42.7620629370629,0
19,15.8318591620225,49.807100438174,19.7317307692308,42.7317307692308,0
20,14.315022688635,50.9826227239362,19.6195804195804,42.7013986013986,0
21,13.7109666072509,52.8672107312669,19.6074300699301,42.6710664335664,0
22,12.3061442135668,55.8360924418043,18.8952797202797,42.6407342657343,0
23,9.02722022020489,58.1009369097137,18.5,42.6104020979021,0
24,5.32364540590118,60.0704941545642,18.3,42.5800699300699,0
1,5.06416559055066,63.1856387123583,17.9,42.5497377622378,0
2,4.94789912324675,63.1935134978483,17.8,42.5194055944056,0
3,5.19846815350311,64.108355605811,17.5,42.4890734265734,0
4,5.57512096787275,65.5096161345257,17.4,42.4587412587413,0
5,6.00963070738951,65.8820178239378,17.1,42.4284090909091,0
6,6.4032574371658,66.7188686162049,16.5,42.3980769230769,0
7,6.7899132616956,68.175896186397,16.1,42.3677447552448,0
8,7.78670919284975,67.9944384090254,17.9,42.3374125874126,18480
9,8.16215198330116,67.0070529865627,19.3,42.3070804195804,18480
10,8.17091379578997,66.7453219489804,19.7494755244755,42.2767482517483,18480
11,8.67149990510599,66.1745606238419,19.7373251748252,42.2464160839161,9240
12,9.02927476495706,59.9647012359713,19.7251748251748,42.2160839160839,9240
13,10.450556069966,55.3843570567134,19.7130244755245,42.1857517482517,0
14,12.9936134719886,52.8598947665964,19.7008741258741,42.1554195804196,0
15,12.7370342137933,44.0309014646795,19.7,42.1250874125874,0
16,12.3072248893742,45,19.6765734265734,42.0947552447552,0
17,11.8983351551725,45.6229547487839,19,42.0644230769231,0
18,10.956703355192,46.7490999228371,19,42.0340909090909,0
19,10.8804704813477,48.4027896577936,18.9,42.0037587412587,0
20,9.76086725677772,51.1022797373092,18.7,41.9734265734266,0
21,9.34971354076371,53.2835013358367,18.7,41.9430944055944,0
22,8.51976186588823,54.953907754967,18.4,41.9127622377622,0
23,6.37289967181193,57.6778931163642,18,41.8824300699301,0
24,4.67039339780618,57.669279423043,17.7,41.8520979020979,0
1,4.71578435329066,58.8919449206497,17.5,41.8217657342657,0
2,4.69339155561882,60.0319235728216,17.1,41.7914335664336,0
3,4.80329288717547,60.2435928186705,16.8,41.7611013986014,0
4,4.83448727960972,61.1767983036344,16.7,41.7307692307692,0
5,5.44292420810604,64,16.4,41.7004370629371,0
6,5.8558914127344,68,16.4,41.6701048951049,0
7,6.03694361753042,68,16.3,41.6397727272727,0
8,6.81559140165322,68,18.1,41.6094405594406,18480
9,7.38718155094942,62.0563725475145,19,41.5791083916084,18480
10,7.52076653817306,61.9671805039193,19.4578671328671,41.5487762237762,18480
11,7.55171493759069,61.4149621196482,20,41.5184440559441,9240
12,8.0493225230285,55.0734243328192,20.1,41.4881118881119,9240
13,9.48667592991305,50.5836950007956,19.4214160839161,41.4577797202797,0
14,11.6302187790032,48.4187683611257,19.4092657342657,41.4274475524476,0
15,11.4175665126993,39.944622461557,19.3971153846154,41.3971153846154,0
16,11.0864898558966,42.1758888353556,19.384965034965,41.3667832167832,0
17,10.8000248210318,41.6044003726886,19.3728146853147,41.336451048951,0
18,9.74949429813227,42.5468761903051,19.2606643356643,41.3061188811189,0
19,9.64271864789732,44.124601544478,19.148513986014,41.2757867132867,0
20,8.81846723142131,46.6314974836963,19.0363636363636,41.2454545454545,0
21,8.50789275069671,48.6939721175829,19.2,41.2151223776224,0
22,7.65088705956397,50.156925946829,19.1,41.1847902097902,0
23,5.6775565296802,52.6944834561987,19,41.154458041958,0
24,5.59905800034583,52.5231213308094,18.9,41.1241258741259,0
1,5.55574968031674,53.6502049373998,18.9,41.0937937062937,0
2,5.23190852030148,54.6010144072797,18.9,41.0634615384615,0
3,5.61123141153482,54.9088213547676,18.8,41.0331293706294,0
4,5.8201480777617,55.4240160524988,18.73,41.0027972027972,0
5,6.36711151538805,56.920812178469,18.5,40.972465034965,0
6,6.71997991008708,56.5604927399023,18.5,40.9421328671329,0
7,7.15109424788575,56.5668085281332,17,40.9118006993007,0
8,7.90094694514172,56.427741828627,18.4,40.8814685314685,18480
9,8.53816141112463,55.70471861217,19.1784090909091,40.8511363636364,18480
10,8.83726023746072,55.8116313121805,19.1662587412587,40.8208041958042,9240
11,9.049196553629,55.2010194143748,19.5,40.790472027972,4620
12,9.45506524821207,50.0068230561689,19.7,40.7601398601399,2310
13,11.0059014498061,45.9883027272461,19.1298076923077,40.7298076923077,0
14,13.6871909101603,44.1399711592865,19.1176573426573,40.6994755244755,0
15,13.317710918954,36.0743921632602,19.105506993007,40.6691433566434,0
16,13.0601207918469,37.7872579913586,18.7933566433566,40.6388111888112,0
17,12.6436551745901,39.7599266153792,18.5933566433566,40.608479020979,0
18,11.6246092576666,42.0059169075498,18.59,40.5781468531469,0
19,11.3748668434706,43.7239577218181,18.4,40.5478146853147,0
20,10.3664071798276,45.0320729619435,18.4,40.5174825174825,0
21,9.99288234792037,47.4082443869624,18.2,40.4871503496504,0
22,8.98542521258494,47.4464436643334,18.1,40.4568181818182,0
23,6.40102583592518,48.2184684998288,17.9,40.426486013986,0
24,6.22425743221341,48.9585173134736,17.9,40.3961538461538,0
1,5.90118339769168,49.409414558105,17.9,40.3658216783217,0
2,5.9658984137972,49.9503547417694,17.6,40.3354895104895,0
3,6.22921314969137,51.0378887456566,17.6,40.3051573426574,0
4,6.5582878132597,55,17.5,40.2748251748252,0
5,6.9379461027869,57,17.4,40.244493006993,0
6,7.52929916921675,60,17.4,40.2141608391608,0
7,7.88357118770886,61,16.5,40.1838286713287,0
8,8.91707448617308,60,18,40.1534965034965,18480
9,9.36321741830719,56,18.8868006993007,40.1231643356643,18480
10,9.55522900688516,55,20,40.0928321678322,18480
11,9.97130680134596,50.6482326191606,18.8625,40.0625,9240
12,10.3572924673937,50.199622759592,18.6,38.875,2310
13,12.2449250869453,49,18.6190476190476,38.8238095238095,0
14,14.8432971278742,46,18.6380952380952,38.772619047619,0
15,14.7876050316356,45.0884880714275,18.6571428571429,38.7214285714286,0
16,14.425412742228,45,18.6761904761905,38.6702380952381,0
17,13.9340602276235,48,18.6952380952381,38.6190476190476,0
18,12.7643441174588,50,18.5,38.5678571428571,0
19,12.4906835045327,52.5231213308094,18.5,38.5166666666667,0
20,11.3734017376177,53.6502049373998,18.5,38.4654761904762,0
21,10.9314897573754,54.6010144072797,18.5,38.4142857142857,0
22,9.81771746385423,57,18.4,38.3630952380952,0
23,7.32552642713897,54,18.4,38.3119047619048,0
24,5.69001680173774,56.920812178469,18.4,38.2607142857143,0
1,5.56086114618017,58,18.4,38.2095238095238,0
2,5.20321060546743,65,18.2,38.1583333333333,0
3,5.65488651407181,68,18.2,38.1071428571429,0
4,5.71122625990786,70,18.1,38.0559523809524,0
5,6.25517753592314,73,18,38.0047619047619,0
6,6.83453391423797,75,17.9,37.9535714285714,0
7,7.11369495570701,79,17.9,37.902380952381,0
8,8.03732328920621,80,18.9809523809524,37.8511904761905,18480
9,8.59535521777189,75,19,37.8,18480
10,8.71327570263475,65,19.7166666666667,36.2666666666667,18480
11,9.01860972005054,61,20.6,36.2166666666667,9240
12,9.58344608888851,60,21.15,39,9240
13,11.0931393580211,58,20.8333333333333,37.5333333333333,0
14,13.4525587016503,53,20.6,37.4997549019608,0
15,13.4470337510693,50,20.6,37.4661764705882,0
16,13.1111230133729,51,20.3,37.4325980392157,0
17,12.6644552362574,51,20.2,37.3990196078431,0
18,11.4589348193167,52.4704486713144,20.2,37.3654411764706,0
19,11.4308573457038,52.5262506994186,20.1,37.331862745098,0
20,10.2379146715329,53.575727157104,20,37.2982843137255,0
21,9.87088214584672,54.5722367091168,19.8,37.2647058823529,0
22,8.9575798070271,60,19.7,37.2311274509804,0
23,6.67973491755314,68,19.4,37.1975490196078,0
24,5.04842262406768,70,19.3,37.1639705882353,0
1,4.99521579270996,72,19.3,37.1303921568627,0
2,4.7889440172799,78,19,37.0968137254902,0
3,4.91303000509842,80,19,37.0632352941176,0
4,5.12781646041119,80,18.9,37.0296568627451,0
5,5.78944170854734,81,18.8,36.9960784313725,0
6,6.08181210158876,84,18.7,36.9625,0
7,6.34188543175883,85,18.6,36.9289215686274,0
8,7.32112232914035,84,19.2,36.8953431372549,18480
9,7.6337891139383,78,20.8088235294118,36.8617647058824,18480
10,7.84091787107767,76,20.8075980392157,36.8281862745098,9240
11,8.025297060036,72,20.8063725490196,36.7946078431373,4120
12,8.53828210952602,71,20.8051470588235,36.7610294117647,4120
13,9.86352387874636,71,20.8039215686275,36.7274509803922,0
14,12.1257880187869,70,20.8026960784314,36.6938725490196,0
15,11.9279602962262,70,20,36.6602941176471,0
16,11.8973246925624,69,20,36.6267156862745,0
17,11.3716092700467,68,20,36.593137254902,0
18,10.4439453937968,71,19.8,36.5595588235294,0
19,10.3195214307254,71,19.7,36.5259803921569,0
20,9.34567843403898,72,19.7,36.4924019607843,0
21,8.76550767769033,74,19.6,36.4588235294118,0
22,7.85051408995742,74,19.5,36.4252450980392,0
23,6.0192468876572,74,19.4,36.3916666666667,0
24,5.52877540957826,75,19.1,36.3580882352941,0
1,5.53556962519004,77,19,36.3245098039216,0
2,5.36459270084659,77,19,36.290931372549,0
3,5.68351816055924,77,18.9,36.2573529411765,0
4,5.99427825976394,79,18.9,36.2237745098039,0
5,6.23382028057484,81,18.9,36.1901960784314,0
6,6.63609741175996,79,18.7,36.1566176470588,0
7,7.18567954211559,79,18.6,36.1230392156863,0
8,7.96695036474281,75,19.4,36.0894607843137,18480
9,8.58644623387869,73,20,36.0558823529412,18480
10,8.83307339243507,70,20,36.0223039215686,9240
11,8.90956003899312,68,20.1,35.9887254901961,4120
12,9.46733058827045,68,20,35.9551470588235,4120
13,11.1946654734162,61.9671805039193,20.4,35.921568627451,0
14,13.5027112808116,61.4149621196482,20.4,35.8879901960784,0
15,13.3308113713652,61.1454977915023,20,35.8544117647059,0
16,13.0961745304864,60.7189361221787,19.8,35.8208333333333,0
17,12.5237522673067,62,19.8,35.7872549019608,0
18,11.5093775717325,63.1856387123583,19.8,35.7536764705882,0
19,11.4569467848493,63.1935134978483,19.7,35.7200980392157,0
20,10.2226855366685,64.108355605811,19.6,35.6865196078431,0
21,9.86743640581607,65.5096161345257,19.6,35.6529411764706,0
22,8.76656742975255,65.8820178239378,19.4,35.619362745098,0
23,6.46159121878629,66.7188686162049,19.4,35.5857843137255,0
24,6.6843789535043,68.175896186397,19.2,35.5522058823529,0
1,6.6217220911919,67.9944384090254,19,35.5186274509804,0
2,6.52620041040979,70,18.5,35.4850490196078,0
3,6.57757269434411,71,18.4,35.4514705882353,0
4,7.01351337459239,71,18.1,35.4178921568627,0
5,7.66937695545093,71,17.5,35.3843137254902,0
6,8.13030353978896,74,17.6,35.3507352941176,0
7,8.59710511403699,73,17.2,35.3171568627451,0
8,9.68390142909402,73,18,35.2835784313725,18480
9,10.2787178927604,68,19.5,35.25,18480
10,10.5122010776514,66.8856130488375,20,36.3333333333333,18480
11,10.983016068248,66.9182149337658,20.7,39.3333333333333,9240
12,11.5887933249368,66.1062887225472,20.8,40.5,4120
13,13.3166244255855,60.0047312237056,21,37.8333333333333,0
14,16.1014941403611,55.2159522662909,20.8,37.3333333333333,0
15,16.1504548304103,52.7763907051863,20.6666666666667,34.8333333333333,0
16,15.5634533978762,48.1527944967578,20,36,0
17,14.9668631172403,50.5464519521326,20,36.6666666666667,0
18,13.8663370444994,49.807100438174,19.8333333333333,37,0
19,13.7078821222696,50.9826227239362,19,37,0
20,12.3145470905392,52.8672107312669,19,37.8333333333333,0
21,11.79342201856,55.8360924418043,18.9,38,0
22,10.6322407490122,58.1009369097137,19,38,0
23,7.73925919854004,60.0704941545642,18.8,38,0
24,8.31795056149628,63.1856387123583,18.8,38,0
1,7.80652981369686,63.1935134978483,18.5,38,0
2,7.80114533142543,64.108355605811,18.5,38,0
3,7.90260945515946,65.5096161345257,18.5,38,0
4,8.4337982416386,65.8820178239378,18.4,38,0
5,9.20746447335663,66.7188686162049,18.5,38.8333333333333,0
6,9.69574899471379,68.175896186397,18.4,39,0
7,10.3345861469544,71,18.2,39,0
8,11.5482638871836,70,18.8,39,18480
9,12.2959721239766,67.5202595381227,19.3333333333333,39.6666666666667,18480
10,12.678975092145,62.5356284261586,20,45,9240
11,13.04256429193,62.2871660262693,19,45,4120
12,13.8840938151743,62.1618595461669,19.5,46.5,4120
13,16.1291585998496,61.9306406316792,20,48,0
14,19.7017210153665,54.9143621653216,20,49.5,0
15,19.3773692420012,50.5054543540598,20,47,0
16,19.0018450777923,48.4950582332592,20.0030303030303,46.9454545454545,0
17,18.1869552895891,49.6518280867044,20.0060606060606,46.8909090909091,0
18,16.6998015140322,52.1803703047559,20.0090909090909,46.8363636363636,0
19,16.4484760099566,51.4767282043422,20.0121212121212,46.7818181818182,0
20,14.7221160308898,52.7774352808898,20.0151515151515,46.7272727272727,0
21,14.3748933970013,54.573101361037,19.9,46.6727272727273,0
22,12.8581576789003,57.7804992018471,19.8,46.6181818181818,0
23,9.50101651655572,60.2324234203969,19.7,46.5636363636364,0
24,7.39342636263359,61.9602936161478,19.7,46.5090909090909,0
1,7.16952015751347,65.0541664903087,19.7,46.4545454545455,0
2,6.88631367778553,65.1302722105847,19.5,46.4,0
3,7.31266856647282,66.359512737582,19.5,46.3454545454546,0
4,7.49944531196916,67.5424441941592,19.5,46.2909090909091,0
5,8.21162876018116,67.8021922891827,19,46.2363636363636,0
6,8.74734972721435,68.7816794594199,19,46.1818181818182,0
7,9.17962686858395,70,18.9,46.1272727272727,0
8,10.4271058719613,69.8228139593953,19.4,46.0727272727273,18480
9,10.9862414832139,69.1899380543008,20.0545454545455,46.0181818181818,18480
10,11.3775913573855,69.0537646792523,20.0575757575758,45.9636363636364,9240
11,11.6341135130494,68.2714823374973,20.0606060606061,45.9090909090909,9240
12,12.3953120463213,62.1953347931557,20.0636363636364,45.8545454545455,0
13,14.2225578026883,57.0147905002172,20.0666666666667,45.8,0
14,17.4853455903988,54.7024963808608,20.069696969697,45.7454545454545,0
15,17.3764454654974,50.4959994330224,20.0727272727273,45.6909090909091,0
16,17.0446462921251,53.0415765655712,20.0757575757576,45.6363636363636,0
17,16.3455331047561,52.3748256339475,20.0787878787879,45.5818181818182,0
18,14.863739897614,53.5412171865805,20.0818181818182,45.5272727272727,0
19,14.8887674189127,55.6373666646302,20.0848484848485,45.4727272727273,0
20,13.1649696719406,58.7310523037191,19.9,45.4181818181818,0
21,12.9059822114296,61.0273186976238,19.8,45.3636363636364,0
22,11.4001273912777,63.0432760332796,19.8,45.3090909090909,0
23,8.38344105763796,66.2093117616124,19.8,45.2545454545455,0
24,7.74180575300524,66.1277726283605,19.5,45.2,0
1,7.74430317630436,67.3132123462375,19.5,45.1454545454545,0
2,7.53298179897222,68.8068916015092,19.5,45.0909090909091,0
3,7.61940044408439,69.1187024625085,19.5,45.0363636363636,0
4,8.11687864545885,70.0632459869832,19.5,44.9818181818182,0
5,8.88398461973529,71.626755796526,19.3,44.9272727272727,0
6,9.44643194521094,75,19.2,44.8727272727273,0
7,9.92354260241717,78,19.1,44.8181818181818,0
8,11.1166336999733,78,20.1242424242424,44.7636363636364,18480
9,11.8893714586282,71.0394795414839,20.1272727272727,44.7090909090909,18480
10,12.3601706399557,70.3018029234781,20.130303030303,44.6545454545455,9240
11,12.670256527868,69.4971839321565,20.1333333333333,44.6,4120
12,13.208117164303,63.0479397291413,20.1363636363636,44.5454545454546,4120
13,15.5975178964892,58.1340575432564,20.1393939393939,44.4909090909091,0
14,19.0359384849682,55.639686980664,20.1424242424242,44.4363636363636,0
15,18.5224843177832,47.9075247701496,20.1454545454545,44.3818181818182,0
16,18.2439350846103,50.3399378055663,20.1484848484848,44.3272727272727,0
17,17.6781731159346,49.9607947588188,20.1,44.2727272727273,0
18,16.1565428350453,51.0240354486167,20.1,44.2181818181818,0
19,15.7876081141201,52.9430279430747,20,44.1636363636364,0
20,14.3968360035228,55.7269687515043,20,44.1090909090909,0
21,13.7000536400837,58.3534452149563,19.7,44.0545454545455,0
22,12.5007329864566,60.0255268424637,19.7,44,0
23,9.20992832612605,63.1911441277147,19.7,43.9454545454545,0
24,8.27948407660517,63.055796825142,19.5,43.8909090909091,0
1,7.78879529657139,64.2818797394876,19.5,43.8363636363636,0
2,7.61721046646245,65.5069950771109,19.4,43.7818181818182,0
3,7.88288209266692,65.640770006735,19.4,43.7272727272727,0
4,8.51423834964719,66.5886039540299,19.1,43.6727272727273,0
5,9.16508243438814,68.2650336382668,19,43.6181818181818,0
6,9.90402098307008,68.1013521327848,18.9,43.5636363636364,0
7,10.2018062272088,67.9031655831766,18.8,43.5090909090909,0
8,11.6898955083606,67.5366627819622,19.5,43.4545454545455,18480
9,12.4125271137493,67.0853684370545,20.2,43.4,18480
10,12.5152200422934,66.9688412993246,20.2030303030303,43.3454545454545,9240
11,12.9586651973907,66.1469903586943,20.2060606060606,43.2909090909091,9240
12,13.9637046322239,59.9007068293137,20.2090909090909,43.2363636363636,9240
13,15.9233213477472,55.3126639775123,20.2121212121212,43.1818181818182,0
14,19.5181817254762,52.9233568404231,20.2151515151515,43.1272727272727,0
15,19.2666847388007,41.5722386195564,20.2181818181818,43.0727272727273,0
16,18.9524224440374,43.6105202804177,20.2212121212121,43.0181818181818,0
17,18.1760493842531,45.9015396301077,20.2242424242424,42.9636363636364,0
18,16.7292259338063,48.2985368363891,20.2272727272727,42.9090909090909,0
19,16.4203106338991,50.5174905190409,20.230303030303,42.8545454545455,0
20,14.9700023768529,51.9684202992908,20,42.8,0
21,14.39191058161,54.5458838592134,19.8,42.7454545454546,0
22,12.8838329971955,54.7534924571229,19.8,42.6909090909091,0
23,9.54730769743416,55.7618475922194,19.5,42.6363636363636,0
24,8.54410232307524,56.66048055835,19.5,42.5818181818182,0
1,8.16050228788646,57.0250316779655,19.2,42.5272727272727,0
2,8.02309070995404,61,19.1,42.4727272727273,0
3,8.15090541220413,63,19,42.4181818181818,0
4,8.73247004989091,63,18.5,42.3636363636364,0
5,9.37443660689815,67,18.2,42.3090909090909,0
6,10.10611028221,68,18.2,42.2545454545455,0
7,10.5145161363343,67,18.2,42.2,0
8,11.9570745159617,65,19.5,42.1454545454546,18480
9,12.6917174379401,60,20.2727272727273,42.0909090909091,9240
10,13.1354319107295,60,20.2757575757576,42.0363636363636,9240
11,13.5507002378851,57.8997278679562,20.2787878787879,41.9818181818182,4120
12,14.32573236865,58.0625430035922,20.2818181818182,41.9272727272727,2060
13,16.6361791876592,57.2763888712404,20.2848484848485,41.8727272727273,0
14,20.4315233056389,52.0370795150383,20.2878787878788,41.8181818181818,0
15,20.0381220701768,48.0289366133741,20.2909090909091,41.7636363636364,0
16,19.4270608190714,46.5406840735794,20.2939393939394,41.7090909090909,0
17,18.8823419456064,49.4819642615465,20.2969696969697,41.6545454545455,0
18,17.3243548656666,51.5169714671766,20,41.6,0
19,16.9512834994142,53.0497452223549,20,41.5454545454545,0
20,15.2328026508905,55.6452726675172,20,41.4909090909091,0
21,14.8221217515217,55.7500496695583,20,41.4363636363636,0
22,13.2864722969092,56.8048141451687,19.9,41.3818181818182,0
23,9.82865082604131,57.782678543758,19.5,41.3272727272727,0
24,9.10673829516548,58.0659553834713,19.5,41.2727272727273,0
1,8.68160263453635,58.9855196246678,19.1,41.2181818181818,0
2,8.57340970299879,60.2286960619769,18.9,41.1636363636364,0
3,8.8004571446952,63,18.4,41.1090909090909,0
4,9.37067160339723,65,18.5,41.0545454545455,0
5,10.2447973901056,65,18.1,41,0
6,10.9018377110257,67,18.1,40.9454545454546,0
7,11.1545208601362,67,17.9,40.8909090909091,0
8,12.8727026924735,67,19,40.8363636363636,18480
9,13.7063549681458,66.1469903586943,19.8,40.7818181818182,18480
10,13.9051124403764,59.9007068293137,20,40.7272727272727,9240
11,14.4202673245309,55.3126639775123,20,40.6727272727273,4120
12,15.2040077274541,52.9233568404231,20,40.6181818181818,2060
13,17.5663709283408,41.5722386195564,20,40.5636363636364,0
14,21.7020510670367,41.5722386195564,20.2,40.5090909090909,0
15,21.2292406955176,43.6105202804177,20,40.4545454545455,0
16,20.8157343679336,43.1867225216623,20,40.4,0
17,20.0796761299728,44.3455676138009,20,40.3454545454545,0
18,18.5457408082715,45.9015396301077,20,40.2909090909091,0
19,18.1870590660654,48.2985368363891,20,40.2363636363636,0
20,16.3705360960309,50.5174905190409,20,40.1818181818182,0
21,15.8117783229705,51.9684202992908,19.8,40.1272727272727,0
22,14.2369281182192,54.5458838592134,19.6,40.0727272727273,0
23,10.4453898562651,54.7534924571229,19.5,40.0181818181818,0
24,9.03937902962248,55.7618475922194,19.5,39.9636363636364,0
1,8.54187635610395,56.66048055835,19.2,39.9090909090909,0
2,8.50300313950631,57.0250316779655,19,39.8545454545455,0
3,8.74470591447009,57.7579573811911,18.9,39.8,0
4,9.45133788477492,59.1860387817151,18.9,39.7454545454545,0
5,10.0205221276398,61.0273186976238,18.9,39.6909090909091,0
6,10.6546560821349,63.0432760332796,18.9,39.6363636363636,0
7,11.3168874177344,70.0632459869832,18.9,39.5818181818182,0
8,12.723166686896,71.626755796526,19.5,39.5272727272727,18480
9,13.7990218953573,69.4971839321565,20.4181818181818,39.4727272727273,18480
10,13.8224730207385,63.0479397291413,20.4212121212121,39.4181818181818,9240
11,14.3676405715138,58.1340575432564,20.4242424242424,39.3636363636364,4120
12,15.1623240778247,55.639686980664,20.4272727272727,39.3090909090909,0
13,17.7599539800165,47.9075247701496,20.430303030303,39.2545454545455,0
14,21.645462336619,50.3399378055663,20.4333333333333,39.2,0
15,21.190628477989,49.9607947588188,20.4363636363636,39.1454545454545,0
16,20.7135558694422,51.0240354486167,20.4393939393939,39.0909090909091,0
17,19.9987723240898,52.9430279430747,20.4424242424242,39.0363636363636,0
18,18.3276744448203,55.7269687515043,20.4454545454545,38.9818181818182,0
19,17.9959195558411,58.3534452149563,20.4484848484848,38.9272727272727,0
20,16.4949608370824,60.0255268424637,20.4515151515152,38.8727272727273,0
21,15.674006542506,63.1911441277147,20.4545454545455,38.8181818181818,0
22,14.2679527086941,63.055796825142,20.4575757575758,38.7636363636364,0
23,10.3750155246693,64.2818797394876,20,38.7090909090909,0
24,7.84425062875594,65.5069950771109,19.5,38.6545454545455,0
1,7.53459851108366,65.640770006735,19.5,38.6,0
2,7.36505993785292,66.5886039540299,19.3,38.5454545454545,0
3,7.64031990093715,68.2650336382668,19,38.4909090909091,0
4,8.14815978065464,68.9069213211854,18.8,38.4363636363636,0
5,9.01517806444571,69.8336447563932,18.8,38.3818181818182,0
6,9.33622129843992,71.4134105017508,18.5,38.3272727272727,0
7,9.84523005910399,71.531331747023,18.5,38.2727272727273,0
8,11.3388084666843,70.9843151191615,20.4878787878788,38.2181818181818,18480
9,11.9690920314088,70.3641961895231,20.4909090909091,39,18480
10,12.2615285950218,70.1233948408581,20.4939393939394,38.1090909090909,9240
11,12.5692554810683,69.5411179069732,20.4969696969697,38.0545454545455,4120
12,13.2629609151509,63.0372297914011,20.5,38,0
13,15.5743805286925,58.0787311189,20.2,38,0
14,19.0902041309166,55.6357441848449,21,38.1666666666667,0
15,18.6955048227272,47.2121037010832,20.9603174603175,37.8031746031746,0
16,18.3210521946125,47.2121037010832,20.5,37.4396825396825,0
17,17.4878233261073,49.58218578128,20,37.0761904761905,0
18,16.0394465081071,48.8921974813582,19.9,36.7126984126984,0
19,15.8389735254409,50.3297465236132,19.5,36.3492063492063,0
20,14.3909354438629,52.0178127971218,19,35.9857142857143,0
21,13.9154718519744,54.798116897234,19,35.6222222222222,0
22,12.2725627988269,57.2618891837996,19,35.2587301587302,0
23,9.09227328012446,59.0303298732617,18.9,34.8952380952381,0
24,5.0119740038479,62.037228584744,18.7,34.531746031746,0
1,5.02001580243843,61.8803379150313,18.7,34.168253968254,0
2,4.6952026911446,63.1933181125109,18.5,33.8047619047619,0
3,4.8920783688681,68,18.3,33.4412698412698,0
4,5.17280324474873,68,18.2,33.0777777777778,0
5,5.75295005892494,69.8336447563932,18,32.7142857142857,0
6,5.93476599670574,71.4134105017508,17.8,32.3507936507936,0
7,6.48588290101153,71.531331747023,17.8,31.9873015873016,0
8,7.19656875104244,69.5411179069732,19,31.6238095238095,18480
9,7.71271374672177,63.0372297914011,20,31.2603174603175,18480
10,7.78144410505699,58.0787311189,20,30.8968253968254,9240
11,8.2490074605394,55.6357441848449,20.1666666666667,30.5333333333333,4120
12,8.74633435875491,47.2121037010832,20.1666666666667,28.6666666666667,2060
13,10.0928835211118,49.58218578128,20,26.8,0
14,12.0813572940252,48.8921974813582,20,25.6666666666667,0
15,12.1587241920935,50.3297465236132,20,23.3333333333333,0
16,11.8747220028573,52.0178127971218,19.9,20.6666666666667,0
17,11.2288552645789,54.798116897234,19.9,20.8333333333333,0
18,10.4645246858056,57.2618891837996,19.7,21.8333333333333,0
19,10.3475069971236,59.0303298732617,19.4,22.6666666666667,0
20,9.33458154323813,62.037228584744,19.2,23.8333333333333,0
21,8.75162253888754,61.8803379150313,19.1,24,0
22,7.87053484498192,63.1933181125109,19.1,24.3333333333333,0
23,5.85014127303743,64.2244505067505,19,25,0
24,4.67224522963012,64.6852925027662,18.7,25,0
1,4.60347797185447,67.5400047459365,18.7,25.6666666666667,0
2,4.46097160515964,68.7616451089745,18.2,26,0
3,4.74230565570564,68.9069213211854,18.2,26,0
4,4.88593350728377,69.8336447563932,18,26,0
5,5.53909885728727,71.4134105017508,17.5,26,0
6,5.66325730063859,71.531331747023,17.5,26,0
7,6.04034397631823,71.2467754004601,17.5,26,0
8,6.98756760611475,70.9843151191615,18.1666666666667,37,18480
9,7.22404786360358,69.5411179069732,20.2857142857143,41,18480
10,7.53368848523892,63.0372297914011,20.3,38,9240
11,7.66857622365481,58.0787311189,20.3,37,4120
12,8.01427453582907,55.6357441848449,20.3,33,2060
13,9.42135917593409,47.2121037010832,20.2,24.1666666666667,0
14,11.5413170679841,49.58218578128,20.2,24.4229390681004,0
15,11.2142988889257,48.8921974813582,19.9,24.6792114695341,0
16,11.1134656085823,50.3297465236132,19.9,24.9354838709677,0
17,10.8228090656325,52.0178127971218,19.7,25.1917562724014,0
18,9.80955809200183,54.798116897234,19.6,25.4480286738351,0
19,9.699313940758,57.2618891837996,19.4,25.7043010752688,0
20,8.81714078974469,59.0303298732617,19.3,25.9605734767025,0
21,8.51932038560009,62.037228584744,19.3,26.2168458781362,0
22,7.59450265453541,61.8803379150313,19.1,26.4731182795699,0
23,5.53085262387248,63.1933181125109,18.9,26.7293906810036,0
24,6.69477907008899,64.2244505067505,18.7,26.9856630824373,0
1,6.38049770424967,64.6852925027662,18.4,27.241935483871,0
2,6.32235378743218,65.5097562685098,18.1,27.4982078853047,0
3,6.74844394404769,67.1239917639912,18.2,27.7544802867384,0
4,7.02333306692564,66.9410663490669,17.5,28.010752688172,0
5,7.49587774231357,68.6713370240402,17.7,28.2670250896057,0
6,8.13118803668145,69.1459059381044,17.3,28.5232974910394,0
7,8.58787855069682,69.9723200556429,17.2,28.7795698924731,0
8,9.78303353249692,71.4335425524495,18.9,39,18480
9,10.2506859018018,71.0279125918211,19.5,40,18480
10,10.6276409272638,70.1934527333878,20,42,18480
11,10.7874465809958,70.1456684287792,20.5,37,9240
12,11.321600566215,69.4693521957235,20.6,35,4120
13,13.3455906168625,62.9857838951737,20.5,30.3172043010753,0
14,16.3959119187756,58.0749694877883,20.3,30.573476702509,0
15,16.1118292449196,55.5713688811847,20.2,30.8297491039427,0
16,15.7983082078433,40.0135348662864,20,31.0860215053763,0
17,15.0146662721424,42.4756636919146,19.5,31.34229390681,0
18,13.9113538950895,44.0671684929022,19.2,31.5985663082437,0
19,13.632965107754,46.617766705387,19,31.8548387096774,0
20,12.1735621830121,48.678401829696,19,32.1111111111111,0
21,11.9451128846177,50.0380941072748,18.8,32.3673835125448,0
22,10.746809486878,52.4778002120372,18.5,32.6236559139785,0
23,7.72504049064789,52.6238798213556,18,32.8799283154122,0
24,8.53148323458472,53.5078591784919,18,33.1362007168459,0
1,8.29725124337124,54.5944695631225,17.9,33.3924731182796,0
2,8.08653952057205,54.8046820640595,17.9,33.6487455197133,0
3,8.15849226665273,54.5050311634282,17.9,33.905017921147,0
4,8.74815153593203,55.5839627841104,17.9,34.1612903225806,0
5,9.42954827788602,61.2906645845357,17.9,34.4175627240143,0
6,9.97321648109313,62.0735125812088,17.9,34.673835125448,0
7,10.5957970496395,63.6114305452006,17.8,34.9301075268817,0
8,11.9679112400433,63.4267646042558,18.7,35.1863799283154,18480
9,12.7861156041163,63.3578478203341,19.4,35.4426523297491,18480
10,13.2190214977207,63.1843675606671,19.8,35.6989247311828,9240
11,13.6955730163067,62.3516493397334,19.5,35.9551971326165,4120
12,14.3025823592203,56.0515514993932,20.5,36.2114695340502,0
13,16.4627185669569,61.6570849348465,20.5,36.4677419354839,0
14,20.2872410794674,46.8446956774871,20,36.7240143369176,0
15,19.9782390410401,44.8822267538577,20,36.9802867383513,0
16,19.416668049375,44.7337301183832,20,37.2365591397849,0
17,18.8651852972336,47.0801946301636,20,37.4928315412186,0
18,17.2233683010752,46.3802303705033,19.8,37.7491039426523,0
19,16.9249005657399,47.5012949948584,19.8,38.005376344086,0
20,15.2848647753341,49.3409942535627,19.8,38.2616487455197,0
21,14.8747593789611,52.1917141852605,19.5,38.5179211469534,0
22,13.1643293505272,54.3807030512602,19.5,38.7741935483871,0
23,9.82282644749404,56.0515514993932,19,39.0304659498208,0
24,8.95380699350216,58.9901740516027,18.9,39.2867383512545,0
1,8.59951956812066,58.8588037503315,18.9,39.5430107526882,0
2,8.6311016919631,60.0450384946782,18.9,39.7992831541219,0
3,8.73522132115295,61.2906645845357,18.8,40.0555555555556,0
4,9.21460853734126,62.0735125812088,18.6,40.3118279569893,0
5,10.2035412295019,63.6114305452006,18.5,40.5681003584229,0
6,10.7299876665781,63.4267646042558,18.5,40.8243727598566,0
7,11.1565438420742,63.3578478203341,18.7,41.0806451612903,0
8,12.9427797504697,62.3788148121492,19.4,41.336917562724,18480
9,13.7414559461453,61.6570849348465,19.8,41.5931899641577,18480
10,14.0479062021616,56.173473030411,20.3,41.8494623655914,9240
11,14.4237750656188,51.5497123993603,20.3,42.1057347670251,4620
12,15.1133511003735,49.3033093651697,20.5,42.3620071684588,2060
13,17.6938256915296,44.7127888440592,20.5,42.6182795698925,0
14,21.742085326995,47.0041096989376,20.8,42.8745519713262,0
15,21.4491402182831,46.5427405222269,20.1,43.1308243727599,0
16,20.7265906565084,47.6197782927471,20.1,43.3870967741936,0
17,20.0513970227032,49.465773520907,20.1,43.6433691756272,0
18,18.3787978745178,52.2148156145041,20.1,43.8996415770609,0
19,18.1456836698313,52.2148156145041,20,44.1559139784946,0
20,16.3751219136349,54.4644638027538,20,44.4121863799283,0
21,15.8154052667627,56.0613306080365,19.7,44.668458781362,0
22,14.247801923943,58.9202942797449,19.5,44.9247311827957,0
23,10.5947546214677,59.9328925978955,19.1,45.1810035842294,0
24,8.42127786186328,61.0104335487867,19,45.4372759856631,0
1,8.02894944788498,61.5110012309688,18.8,45.6935483870968,0
2,7.85632806580596,62.0698410566196,18.8,45.9498207885305,0
3,8.21703236837105,63.6141818272865,18.4,46.2060931899642,0
4,8.697447289018,68,18.3,46.4623655913979,0
5,9.44126755538412,72,18.1,46.7186379928315,0
6,10.1989651893709,70,18,46.9749103942652,0
7,10.5545968370792,65,18,47.2311827956989,0
8,11.9975907463752,62.5939506642914,19.5,47.4874551971326,18480
9,12.7347298913448,62.3824615078802,20.1,47.7437275985663,18480
10,13.136407277175,61.6282458229225,20.2,48,9240
11,13.6626887535064,55.9743274880018,20.4,49.6666666666667,4620
12,14.3495962085842,51.6473597503671,20.1,50.75,0
13,16.6072589994242,49.4112559795107,21,48.1428571428572,0
14,20.31344163488,46.5427405222269,21,47.7912087912088,0
15,19.8603929050892,47.6197782927471,21.1,47.4395604395605,0
16,19.4129870285027,49.465773520907,20.8846153846154,47.0879120879121,0
17,18.6725788332504,52.2148156145041,20.8461538461538,46.7362637362637,0
18,17.4303474039676,54.4644638027538,20.8076923076923,46.3846153846154,0
19,16.9336505921655,56.0613306080365,20.1,46.032967032967,0
20,15.3586356865316,58.9202942797449,19.9,45.6813186813187,0
21,14.7755386109181,58.9202942797449,19.9,45.3296703296703,0
22,13.3115316406416,58.7259402341414,19.7,44.978021978022,0
23,9.67056004123807,59.9328925978955,19.1,44.6263736263736,0
24,6.12398268152564,62.0698410566196,19.1,44.2747252747253,0
1,5.84436914771082,63.6141818272865,19.5,43.9230769230769,0
2,5.98710983922964,63.3975372363796,19.1,43.5714285714286,0
3,6.19418264613264,65.1396471726219,19.1,43.2197802197802,0
4,6.34816154026573,65.2182744215198,19,42.8681318681319,0
5,7.03491798845542,66.4678094437987,18.8,42.5164835164835,0
6,7.33547927419931,67.7316476026975,18.6,42.1648351648352,0
7,7.65397089863142,68.0131917798665,18.5,41.8131868131868,0
8,8.72582812153734,68.7365897170503,19.5,41.4615384615385,18480
9,9.2714679815514,70.458464617785,20,41.1098901098901,18480
10,9.66197577270903,70.3184693943138,20.2923076923077,40.7582417582418,9240
11,9.89483634450219,70.0335796207711,20.1538461538462,40.4065934065934,4620
12,10.4116051261702,69.7240700075808,20.1153846153846,40.0549450549451,2310
13,12.2132918892367,69.2543990650817,20.0769230769231,39.7032967032967,0
14,14.8489598602531,68.9947798170711,20.0384615384615,39.3516483516483,0
15,14.6193781576762,68.3050452015831,20,39,0
16,14.4903731719955,62.0555643479373,20,39.9166666666667,0
17,13.8999934589552,61.206116344944,19.4,40,0
18,12.8262426164353,62.9924037868255,19.4,40,0
19,12.4618514565615,66.1189753098981,19.1,40,0
20,11.1974764060443,66.2857194105607,19,40,0
21,10.7616600114609,67.5308011798331,18.9,40,0
22,9.82641991733459,68.6713370240402,18.4,40,0
23,7.16143099148666,69.1459059381044,18.4,40,0
24,6.64988558175067,69.9723200556429,18.1,40,0
1,6.56203643935643,71.4335425524495,17.9,40,0
2,6.40334805710092,71.5115593345949,17.9,40,0
3,6.61908693476187,72.3475664613614,17.8,40,0
4,6.95244356698727,73.8762761976872,17.8,40,0
5,7.71528821433638,73.5583720960704,17.8,40,0
6,8.02465993467175,73.4871836916652,17.8,40,0
7,8.37195331618354,73.1875363862631,17.11,40,0
8,9.53202472379696,72.5977236529382,19.1,40,18480
9,10.2149795654639,72.4963954677554,19.8,40.0833333333333,18480
10,10.346397314601,71.741295138119,20.2,39.5,9240
11,10.7603517143598,65.0908561677602,20,38.75,4620
12,11.3892839585014,59.7366377577645,20,37.7272727272727,2310
13,13.3472881943933,57.157227118583,19.9545454545455,37.8305785123967,0
14,16.2517799575974,53.9048666839266,19.9090909090909,37.9338842975207,0
15,16.0848249536755,56.8329705534777,19.8636363636364,38.0371900826446,0
16,15.6120747201325,56.8117099981869,19.8181818181818,38.1404958677686,0
17,15.151197780396,57.7178179520695,19.7727272727273,38.2438016528926,0
18,13.8309536055881,58.85330731519,19.7272727272727,38.3471074380165,0
19,13.6504185198448,60.9107259602649,19.6818181818182,38.4504132231405,0
20,12.2670726052185,60.3306761113745,19.6363636363636,38.5537190082645,0
21,11.903616867044,60.200810395425,19.5909090909091,38.6570247933884,0
22,10.4973446466535,59.6054736441838,19.5454545454545,38.7603305785124,0
23,7.86172631847429,60.5992635326387,19.2,38.8636363636364,0
24,5.78396347345207,63.2021726676838,19.4545454545455,38.9669421487603,0
1,5.8469871090133,64.9772358468882,19.3,39.0702479338843,0
2,5.69462292195063,68.3233543061837,19.1,39.1735537190083,0
3,5.80871285365644,68.3805955953184,19,39.2768595041322,0
4,6.25253481123404,69.5600906559681,18.9,39.3801652892562,0
5,6.69315194357773,70.8251857904292,18.7,39.4834710743802,0
6,7.01093628206929,71.1333457865151,18.7,39.5867768595041,0
7,7.39556822013132,72.3475664613614,18.5,39.6900826446281,0
8,8.30414935695952,73.8762761976872,19.0909090909091,47,18480
9,8.8438368146803,73.5583720960704,19.0454545454545,43,18480
10,9.0737672843158,73.4195013854229,19,45,9240
11,9.40519457221032,74.9151221895765,19,39,9240
12,10.0707486054967,76.3313474538625,18.9545454545455,39.3030303030303,0
13,11.6537087863203,76.5722335946392,18.9090909090909,39.3203463203463,0
14,14.3345015362128,74.9151221895765,18.8636363636364,39.3376623376623,0
15,14.0084365454843,76.3313474538625,18.8181818181818,39.3549783549784,0
16,13.7818618360834,76.5722335946392,18.7727272727273,39.3722943722944,0
17,13.1053300189522,78.1602126346895,18.7272727272727,39.3896103896104,0
18,12.2376740107571,77.9690152894745,18.6818181818182,39.4069264069264,0
19,11.9171977631273,77.3095719988779,18.6363636363636,39.4242424242424,0
20,10.8744534068743,74.7479527470433,18.4,39.4415584415584,0
21,10.3121696953977,76.4691186299423,18.4,39.4588744588745,0
22,9.41649365358636,79.2804474687365,18.3,39.4761904761905,0
23,6.86900843371355,83.838960669807,18.4545454545455,39.4935064935065,0
24,4.5828027592118,87.2492292068064,18.2,39.5108225108225,0
1,4.45706642439369,89.9146263094196,18.2,39.5281385281385,0
2,4.21200710172909,94.5380609611357,18.2,39.5454545454545,0
3,4.4458088510379,94.549018177787,17.9,39.5627705627706,0
4,4.59844289417412,96.3557446999586,17.9,39.5800865800866,0
5,5.17275346094431,98.0584344501954,17.8,39.5974025974026,0
6,5.26227367521808,90.138419944181,17.8,39.6147186147186,0
7,5.64455147148013,90.138419944181,17.7,39.6320346320346,0
8,6.30684899731827,82.8614046589667,19,39.6493506493506,18480
9,6.82914268545485,79.3043994358019,19.8,39.6666666666667,18480
10,7.05408205672229,75.7109237311002,20,39,9240
11,7.22999530707105,74.7479527470433,20.1,39,4620
12,7.77262671149936,76.4691186299423,19.5,38.6666666666667,0
13,8.83680142396014,77.9249886145373,19.4,37.75,0
14,10.811961711089,77.2951857611603,19.2,37,0
15,10.6289662891029,70.032635996484,19.6,37,0
16,10.4954025750085,64.3168056451651,19.3,37,0
17,10.0971952823926,61.6086638132231,19.3,37,0
18,9.1571046352636,65.1699945188042,19.1,37,0
19,9.01585963668721,67.8122552459132,19.1,37,0
20,8.25236889864974,70.046061940189,19.1,37,0
21,7.94026730120877,73.4977001013187,19,37,0
22,7.15829070225494,73.4521322885145,18.7,37,0
23,5.2137162264792,74.9069129476869,18.8,37,0
24,5.6494335118825,76.3978264183015,18.4,37,0
1,5.54532292598467,76.7629821117027,18.2,37,0
2,5.38227256476795,77.7923334771648,18.1,37,0
3,5.54267959532992,79.5701879291148,18,37,0
4,5.71202551708448,77.7923334771648,17.9,37,0
5,6.25722484807279,79.5701879291148,17.8,37,0
6,6.73911950552548,82.8614046589667,17.5,37,0
7,6.95566732632371,79.3043994358019,17.4,37,0
8,8.07771461143353,78.8192554055937,18.5,42,18480
9,8.62533557175229,78.2081010873079,19.4,41,18480
10,8.7903089311677,77.9249886145373,20,42,9240
11,9.12393288977101,77.2951857611603,20.2,37,9240
12,9.55419840718458,70.032635996484,20.1,37,9240
13,10.9244987785007,64.3168056451651,20.2,37,0
14,13.4034040290843,67.8122552459132,20,37,0
15,13.4799614794285,70.046061940189,20.1,37,0
16,13.1591762629122,73.4977001013187,20,37,0
17,12.6693777008044,73.4521322885145,19.9,37,0
18,11.4158194136065,74.9069129476869,19.8,37,0
19,11.3892955719979,76.3978264183015,19.5,37,0
20,10.1357969797441,76.7629821117027,19.4,37,0
21,9.72252213119749,77.7923334771648,19.4,37,0
22,8.75721385944701,79.5701879291148,19.1,37,0
23,6.64241243447938,79.4200289058738,19.1,37,0
24,6.67900717431406,79.4227700613739,19.1,37,0
1,6.38250954532064,79.2428874197596,19,37,0
2,6.44207151845669,78.9193674118665,18.9,37,0
3,6.5543455218193,78.1602126346895,18.9,37,0
4,6.86853348186621,79.2804474687365,18.9,37,0
5,7.73296862313274,83.838960669807,18.9,37,0
6,8.2108290339486,87.2492292068064,18.8,37,0
7,8.42965869036861,84,18.1,37,0
8,9.50546520850946,82.8614046589667,19.3,41,18480
9,10.3423768084666,79.3043994358019,19.9,37,18480
10,10.4900126947589,56.0091819324309,20,38,9240
11,10.9526950270437,58.9218176430752,20.1,37,4620
12,11.5088106981848,58.2329817317846,20.1,37,2310
13,13.2226552020838,59.6301533899502,20,37,0
14,14.2226552020838,57.157227118583,19.6,37,0
15,15.9290740206683,56.1803130132129,19.7,37,0
16,15.510021000313,58.7667819686633,19.7,37,0
17,15.0422508136146,59.6572332308715,19.6,37,0
18,13.8832810825119,61.7348674398234,19.6,37,0
19,13.7555439360751,65.1782995787698,19.1,37,0
20,12.2030021559319,67.8976114049049,19,37,0
21,11.8219924089913,70.0621557914383,19,37,0
22,10.5973239100279,73.6372881298341,18.8,37,0
23,7.99452820447593,73.4195013854229,18.6,37,0
24,6.01023015596081,74.9151221895765,18.5,37,0
1,5.75502711891058,76.3313474538625,18.2,37,0
2,5.59454301257998,76.5722335946392,18.1,37,0
3,5.82204944684085,77.8523438280989,18.2,37,0
4,6.26065167470707,79.4200289058738,18.1,37,0
5,6.72756229418675,79.4227700613739,18,37,0
6,7.21377264535217,79.2428874197596,17.8,37,0
7,7.43910230927088,78.9193674118665,17.6,37,0
8,8.5727660212139,77.9690152894745,18.5,45,18480
9,9.00655446961479,77.3095719988779,19.4,39,18480
10,9.03782622175778,70.0868252841189,19.8,35,9240
11,9.55465969520384,64.514993609428,20,41,9240
12,9.97945615227922,61.7125559024547,20,40,9240
13,11.6558334310368,72.0113826892292,20,37,0
14,14.3079617710463,75.7109237311002,19.8,37,0
15,14.0476691292411,74.7479527470433,19.7,37,0
16,13.5955914952852,76.4691186299423,19.6,37,0
17,13.2069639413111,74.9151221895765,19.4,37,0
18,12.0214294844949,76.3313474538625,19.3,37,0
19,12.0250792879618,76.5722335946392,19.3,37,0
20,10.8497196311558,77.8523438280989,19,37,0
21,10.2523190586929,79.4200289058738,18.9,37,0
22,9.38106166754449,79.4227700613739,18.5,37,0
23,6.97519030063526,81,18.2,37,0
